SET FOREIGN_KEY_CHECKS = 0;

INSERT INTO SUBJECT(name, status, director_no) VALUES('计算机科学与技术', 'active', '100001');
INSERT INTO SUBJECT(name, status, director_no) VALUES('软件工程', 'active', '100002');
INSERT INTO SUBJECT(name, status, director_no) VALUES('网络工程', 'active', '100003');

INSERT INTO DIRECTION(name, subject_id, status) VALUES('软件开发', 2, 'active');
INSERT INTO DIRECTION(name, subject_id, status) VALUES('软件测试', 2, 'active');

INSERT INTO STUDENT_CLASS(name, enroll_year, subject_id, direction_id) VALUES ('计科151', '2015', 1, NULL);
INSERT INTO STUDENT_CLASS(name, enroll_year, subject_id, direction_id) VALUES ('软件141', '2014', 2, 1);
INSERT INTO STUDENT_CLASS(name, enroll_year, subject_id, direction_id) VALUES ('软测141', '2014', 2, 2);
INSERT INTO STUDENT_CLASS(name, enroll_year, subject_id, direction_id) VALUES ('软测142', '2014', 2, 2);
INSERT INTO STUDENT_CLASS(name, enroll_year, subject_id, direction_id) VALUES ('软测143', '2014', 2, 2);

INSERT INTO USER(username, password, email, enabled) VALUES('20141113001', '$2a$10$yKvUWmiBlcQTzqeRZeZf4OSQe6GjmHJYhL3Y1Crm0YE10Rf2G075K', '20141113001@sdjzu.edu.cn', true);
INSERT INTO USER(username, password, email, enabled) VALUES('20141113002', '$2a$10$yKvUWmiBlcQTzqeRZeZf4OSQe6GjmHJYhL3Y1Crm0YE10Rf2G075K', '20141113002@sdjzu.edu.cn', true);
INSERT INTO USER(username, password, email, enabled) VALUES('20141113003', '$2a$10$yKvUWmiBlcQTzqeRZeZf4OSQe6GjmHJYhL3Y1Crm0YE10Rf2G075K', '20141113003@sdjzu.edu.cn', true);
INSERT INTO USER(username, password, email, enabled) VALUES('20141113004', '$2a$10$yKvUWmiBlcQTzqeRZeZf4OSQe6GjmHJYhL3Y1Crm0YE10Rf2G075K', '20141113004@sdjzu.edu.cn', true);
INSERT INTO USER(username, password, email, enabled) VALUES('20141113005', '$2a$10$yKvUWmiBlcQTzqeRZeZf4OSQe6GjmHJYhL3Y1Crm0YE10Rf2G075K', '20141113005@sdjzu.edu.cn', true);
INSERT INTO USER(username, password, email, enabled) VALUES('20141113006', '$2a$10$yKvUWmiBlcQTzqeRZeZf4OSQe6GjmHJYhL3Y1Crm0YE10Rf2G075K', '20141113006@sdjzu.edu.cn', true);
INSERT INTO USER(username, password, email, enabled) VALUES('20141113007', '$2a$10$yKvUWmiBlcQTzqeRZeZf4OSQe6GjmHJYhL3Y1Crm0YE10Rf2G075K', '20141113007@sdjzu.edu.cn', true);
INSERT INTO USER(username, password, email, enabled) VALUES('20141113008', '$2a$10$yKvUWmiBlcQTzqeRZeZf4OSQe6GjmHJYhL3Y1Crm0YE10Rf2G075K', '20141113008@sdjzu.edu.cn', true);
INSERT INTO USER(username, password, email, enabled) VALUES('20141113009', '$2a$10$yKvUWmiBlcQTzqeRZeZf4OSQe6GjmHJYhL3Y1Crm0YE10Rf2G075K', '20141113009@sdjzu.edu.cn', true);
INSERT INTO USER(username, password, email, enabled) VALUES('20141113010', '$2a$10$yKvUWmiBlcQTzqeRZeZf4OSQe6GjmHJYhL3Y1Crm0YE10Rf2G075K', '20141113010@sdjzu.edu.cn', true);
INSERT INTO USER(username, password, email, enabled) VALUES('20141113011', '$2a$10$yKvUWmiBlcQTzqeRZeZf4OSQe6GjmHJYhL3Y1Crm0YE10Rf2G075K', '20141113011@sdjzu.edu.cn', true);
INSERT INTO USER(username, password, email, enabled) VALUES('20141113012', '$2a$10$yKvUWmiBlcQTzqeRZeZf4OSQe6GjmHJYhL3Y1Crm0YE10Rf2G075K', '20141113012@sdjzu.edu.cn', true);
INSERT INTO USER(username, password, email, enabled) VALUES('20141113013', '$2a$10$yKvUWmiBlcQTzqeRZeZf4OSQe6GjmHJYhL3Y1Crm0YE10Rf2G075K', '20141113013@sdjzu.edu.cn', true);
INSERT INTO USER(username, password, email, enabled) VALUES('20141113014', '$2a$10$yKvUWmiBlcQTzqeRZeZf4OSQe6GjmHJYhL3Y1Crm0YE10Rf2G075K', '20141113014@sdjzu.edu.cn', true);
INSERT INTO USER(username, password, email, enabled) VALUES('20141113015', '$2a$10$yKvUWmiBlcQTzqeRZeZf4OSQe6GjmHJYhL3Y1Crm0YE10Rf2G075K', '20141113015@sdjzu.edu.cn', true);
INSERT INTO USER(username, password, email, enabled) VALUES('20141113016', '$2a$10$yKvUWmiBlcQTzqeRZeZf4OSQe6GjmHJYhL3Y1Crm0YE10Rf2G075K', '20141113016@sdjzu.edu.cn', true);
INSERT INTO USER(username, password, email, enabled) VALUES('20141113017', '$2a$10$yKvUWmiBlcQTzqeRZeZf4OSQe6GjmHJYhL3Y1Crm0YE10Rf2G075K', '20141113017@sdjzu.edu.cn', true);
INSERT INTO USER(username, password, email, enabled) VALUES('20141113018', '$2a$10$yKvUWmiBlcQTzqeRZeZf4OSQe6GjmHJYhL3Y1Crm0YE10Rf2G075K', '20141113018@sdjzu.edu.cn', true);
INSERT INTO USER(username, password, email, enabled) VALUES('20141113019', '$2a$10$yKvUWmiBlcQTzqeRZeZf4OSQe6GjmHJYhL3Y1Crm0YE10Rf2G075K', '20141113019@sdjzu.edu.cn', true);
INSERT INTO USER(username, password, email, enabled) VALUES('20141113020', '$2a$10$yKvUWmiBlcQTzqeRZeZf4OSQe6GjmHJYhL3Y1Crm0YE10Rf2G075K', '20141113020@sdjzu.edu.cn', true);

INSERT INTO USER_ROLE VALUES('20141113001', 'STUDENT');
INSERT INTO USER_ROLE VALUES('20141113001', 'STUDENT');
INSERT INTO USER_ROLE VALUES('20141113001', 'STUDENT');
INSERT INTO USER_ROLE VALUES('20141113002', 'STUDENT');
INSERT INTO USER_ROLE VALUES('20141113003', 'STUDENT');
INSERT INTO USER_ROLE VALUES('20141113004', 'STUDENT');
INSERT INTO USER_ROLE VALUES('20141113005', 'STUDENT');
INSERT INTO USER_ROLE VALUES('20141113006', 'STUDENT');
INSERT INTO USER_ROLE VALUES('20141113007', 'STUDENT');
INSERT INTO USER_ROLE VALUES('20141113008', 'STUDENT');
INSERT INTO USER_ROLE VALUES('20141113009', 'STUDENT');
INSERT INTO USER_ROLE VALUES('20141113010', 'STUDENT');
INSERT INTO USER_ROLE VALUES('20141113011', 'STUDENT');
INSERT INTO USER_ROLE VALUES('20141113012', 'STUDENT');
INSERT INTO USER_ROLE VALUES('20141113013', 'STUDENT');
INSERT INTO USER_ROLE VALUES('20141113014', 'STUDENT');
INSERT INTO USER_ROLE VALUES('20141113015', 'STUDENT');
INSERT INTO USER_ROLE VALUES('20141113016', 'STUDENT');
INSERT INTO USER_ROLE VALUES('20141113017', 'STUDENT');
INSERT INTO USER_ROLE VALUES('20141113018', 'STUDENT');
INSERT INTO USER_ROLE VALUES('20141113019', 'STUDENT');
INSERT INTO USER_ROLE VALUES('20141113020', 'STUDENT');

INSERT INTO STUDENT VALUES ( '20141113001', '陈同学', '13812345678', '女', '1999-01-01', 1 );
INSERT INTO STUDENT VALUES ( '20141113002', '韩同学', '13812345678', '女', '1999-01-01', 1 );
INSERT INTO STUDENT VALUES ( '20141113003', '巩同学', '13812345678', '女', '1999-01-01', 1 );
INSERT INTO STUDENT VALUES ( '20141113004', '沈同学', '13812345678', '女', '1999-01-01', 1 );
INSERT INTO STUDENT VALUES ( '20141113005', '郑', '13812345678', '女', '1999-01-01', 1 );
INSERT INTO STUDENT VALUES ( '20141113006', '陈', '13812345678', '女', '1999-01-01', 1 );
INSERT INTO STUDENT VALUES ( '20141113007', '苏珊', '13812345678', '女', '1999-01-01', 1 );
INSERT INTO STUDENT VALUES ( '20141113008', '苗', '13812345678', '女', '1999-01-01', 1 );
INSERT INTO STUDENT VALUES ( '20141113009', '荣', '13812345678', '女', '1999-01-01', 1 );
INSERT INTO STUDENT VALUES ( '20141113010', '高', '13812345678', '女', '1999-01-01', 1 );
INSERT INTO STUDENT VALUES ( '20141113011', '张同学', '13812345678', '男', '1999-01-01', 1 );
INSERT INTO STUDENT VALUES ( '20141113012', '李同学', '13812345678', '男', '1999-01-01', 1 );
INSERT INTO STUDENT VALUES ( '20141113013', '王同学', '13812345678', '男', '1999-01-01', 1 );
INSERT INTO STUDENT VALUES ( '20141113014', '许同学', '13812345678', '男', '1999-01-01', 1 );
INSERT INTO STUDENT VALUES ( '20141113015', '刘成', '13812345678', '男', '1999-01-01', 1 );
INSERT INTO STUDENT VALUES ( '20141113016', '陈刚', '13812345678', '男', '1999-01-01', 1 );
INSERT INTO STUDENT VALUES ( '20141113017', '苏阳', '13812345678', '男', '1999-01-01', 1 );
INSERT INTO STUDENT VALUES ( '20141113018', '张兴', '13812345678', '男', '1999-01-01', 1 );
INSERT INTO STUDENT VALUES ( '20141113019', '荣', '13812345678', '男', '1999-01-01', 1 );
INSERT INTO STUDENT VALUES ( '20141113020', '高睦', '13812345678', '男', '1999-01-01', 1 );

INSERT INTO USER(username, password, email, enabled) VALUES('110101', '$2a$10$yKvUWmiBlcQTzqeRZeZf4OSQe6GjmHJYhL3Y1Crm0YE10Rf2G075K', 'lihengfei@sdjzu.edu.cn', true);
INSERT INTO USER(username, password, email, enabled) VALUES('100001', '$2a$10$yKvUWmiBlcQTzqeRZeZf4OSQe6GjmHJYhL3Y1Crm0YE10Rf2G075K', 'lihengfei@sdjzu.edu.cn', true);
INSERT INTO USER(username, password, email, enabled) VALUES('100002', '$2a$10$yKvUWmiBlcQTzqeRZeZf4OSQe6GjmHJYhL3Y1Crm0YE10Rf2G075K', 'lihengfei@sdjzu.edu.cn', true);
INSERT INTO USER(username, password, email, enabled) VALUES('100003', '$2a$10$yKvUWmiBlcQTzqeRZeZf4OSQe6GjmHJYhL3Y1Crm0YE10Rf2G075K', 'lihengfei@sdjzu.edu.cn', true);

INSERT INTO STAFF VALUES ( '110101', '李恒斐', '15806675105', '男', '1984-01-01', '讲师' );
INSERT INTO STAFF VALUES ( '100001', '秦老师', '15806675105', '男', '1976-01-01', '副教授' );
INSERT INTO STAFF VALUES ( '100002', '王老师', '15806675105', '女', '1978-01-01', '副教授' );
INSERT INTO STAFF VALUES ( '100003', '赵老师', '15806675105', '女', '1976-01-01', '副教授' );

INSERT INTO USER_ROLE VALUES('110101', 'STAFF');
INSERT INTO USER_ROLE VALUES('100001', 'STAFF');
INSERT INTO USER_ROLE VALUES('100002', 'STAFF');
INSERT INTO USER_ROLE VALUES('100003', 'STAFF');

SET FOREIGN_KEY_CHECKS = 1;